{
  "de": {
    "validate_credential_action": "bestätigen",
    "title_tag_manager": "Schlagworte (Nutzer entdecken)",
    "label_user_contacts": "Kontakte:",
    "button_add_another": "Hinzufügen",
    "label_message_sound": "Benachrichtigungston:",
    "label_push_notifications": "Benachrichtigungsmeldungen:",
    "label_push_notifications_disabled": "Benachrichtigungsmeldungen (erfordert HTTPS):",
    "label_incognito_mode": "inkognito-Modus:",
    "delete_account": "Konto löschen",
    "delete_account_arning": "Möchten Sie das Konto wirklich löschen? Das kann nicht rückgängig gemacht werden",
    "label_password": "Passwort",
    "password_unchanged_prompt": "unverändert",
    "button_logout": "Abmelden",
    "button_delete_account": "Konto löschen",
    "label_default_access_mode": "Standard Zugriffsmodus:",
    "blocked_contacts_link": "Blockierte Kontakte ({count})",
    "link_contact_us": "Kontakt",
    "link_terms_of_service": "Nutzungsbedingungen",
    "link_privacy_policy": "Datenschutzerklärung",
    "label_sdk": "SDK:",
    "label_server_address": "Server Adresse:",
    "archived_contacts": "Archivierte Kontakte ({count})",
    "contacts_not_found": "Sie haben keine Unterhaltungen\n\n¯\\_(ツ)_/¯",
    "full_name_prompt": "Vollständiger Name, z.B. Lisa Musterfrau",
    "email_prompt": "E-Mail, z.B. jdoe@beispiel.de",
    "button_sign_up": "Anmelden",
    "label_your_name": "Ihr Name",
    "label_user_id": "ID:",
    "button_edit": "Bearbeiten",
    "requested_permissions": "Angefordert",
    "granted_permissions": "Erteilt",
    "menu_item_edit_permissions": "Berechtigungen ändern",
    "label_other_user": "Andere",
    "action_clear_messages": "Nachrichten leeren",
    "clear_messages_warning": "Sind Sie sicher, dass Sie diese Unterhaltung für alle leeren wollen? Das kann nicht rückgängig gemacht werden.",
    "action_delete_messages": "Nachrichten für alle löschen",
    "delete_messages_warning": "Sind Sie sicher, dass Sie diese Unterhaltung für alle löschen wollen? Das kann nicht rückgängig gemacht werden.",
    "action_leave_chat": "Unterhaltung verlassen",
    "leave_chat_warning": "Möchten Sie diese Unterhaltung wirklich verlassen?",
    "action_block_contact": "Kontakt blockieren",
    "block_contact_warning": "Möchten Sie diesen Kontakt wirklich blockieren?",
    "action_report_chat": "Unterhaltung melden",
    "report_chat_warning": "Möchten Sie diese Unterhaltung wirklich blockieren und melden?",
    "title_info": "Info",
    "label_topic_name": "Name",
    "label_private": "Privater Kommentar",
    "private_editing_placeholder": "Nur für Sie sichtbar",
    "label_muting_topic": "Stumm geschaltet:",
    "action_more": "Mehr",
    "label_your_permissions": "Ihre Berechtigungen:",
    "label_permissions": "Berechtigungen:",
    "label_you": "Sie:",
    "label_default_access": "Standard Zugriffsmodus:",
    "label_group_members": "Gruppenmitglieder:",
    "button_add_members": "Mitglieder hinzufügen",
    "group_has_no_members": "Keine Mitglieder",
    "login_prompt": "Anmelden",
    "password_prompt": "Passwort",
    "stay_logged_in": "Angemeldet bleiben",
    "forgot_password_link": "Passwort vergessen?",
    "button_sign_in": "Anmelden",
    "label_client": "Client:",
    "label_server": "Server:",
    "online_now": "jetzt online",
    "last_seen_timestamp": "Zuletzt gesehen",
    "title_not_found": "Nicht gefunden",
    "unnamed_topic": "Unbenannt",
    "messages_not_readable": "Neue Nachrichten können nicht gelesen werden",
    "peers_messaging_disabled": "Gruppennachrichten sind deaktiviert",
    "enable_peers_messaging": "Aktivieren",
    "search_for_contacts": "Nutzen Sie die Suche um Kontakte zu finden",
    "search_no_results": "Die Suche hatte keine Ergebnisse",
    "tabtitle_find_user": "Suchen",
    "tabtitle_new_group": "Neue Gruppe",
    "tabtitle_group_by_id": "nach ID",
    "new_password_placeholder": "Geben Sie ein neues Passwort ein",
    "label_reset_password": "Passwort per E-Mail wiederherstellen:",
    "credential_email_prompt": "E-Mail Adresse für Registrierung",
    "button_reset": "Zurücksetzen",
    "button_send_request": "Anfrage senden",
    "label_server_to_use": "Server verwenden:",
    "label_wire_transport": "Übertragung per Kabel:",
    "button_update": "Aktualisieren",
    "sidepanel_title_login": "Anmelden",
    "sidepanel_title_register": "Konto erstellen",
    "sidepanel_title_settings": "Einstellungen",
    "sidepanel_title_account_settings": "Konto-Einstellungen",
    "sidepanel_title_acc_general": "Allgemein",
    "sidepanel_title_acc_security": "Sicherheit",
    "sidepanel_title_acc_notifications": "Benachrichtigungen",
    "sidepanel_title_acc_support": "Unterstützung",
    "sidepanel_title_newtpk": "Neue Unterhaltung starten",
    "sidepanel_title_cred": "Anmeldeinformationen bestätigen",
    "sidepanel_title_reset": "Passwort zurücksetzen",
    "sidepanel_title_archive": "Archivierte Unterhaltungen",
    "sidepanel_title_blocked": "Blockierte Unterhaltungen",
    "reconnect_countdown": "Getrennt. Wiederverbinden in {seconds}…",
    "reconnect_now": "Jetzt probieren",
    "push_init_failed": "Initialisierung von Push-Benachrichtigungen fehlgeschlagen",
    "invalid_security_token": "Ungültiger Sicherheitsschlüssel",
    "no_connection": "Keine Verbindung",
    "code_doesnot_match": "Code stimmt nicht überein",
    "update_available": "Aktualisierung verfügbar.",
    "reload_update": "Neu laden",
    "phone_dative": "Telefon",
    "email_dative": "E-Mail",
    "enter_confirmation_code_prompt": "Geben Sie den Bestätigungscode ein, der per {method} geschickt wurde:",
    "numeric_confirmation_code_prompt": "Nur zahlen",
    "button_confirm": "Bestätigen",
    "save_attachment": "Speichern",
    "deleted_content": "Inhalt gelöscht",
    "invalid_content": "ungültiger Inhalt",
    "user_not_found": "Nicht gefunden",
    "badge_you": "Sie",
    "badge_owner": "Besitzer",
    "menu_item_info": "Info",
    "menu_item_clear_messages": "Nachrichten leeren",
    "menu_item_clear_messages_for_all": "Für alle leeren",
    "menu_item_delete": "Löschen",
    "menu_item_delete_for_all": "Für alle löschen",
    "menu_item_send_retry": "Wiederholen",
    "menu_item_mute": "Unterhaltung stumm schalten",
    "menu_item_unmute": "Stumm schalten beenden",
    "menu_item_delete_topic": "Entfernen",
    "topic_delete_warning": "Möchten Sie diese Unterhaltung wirklich löschen?",
    "menu_item_unblock": "Blockierung aufheben",
    "menu_item_block": "Blockieren",
    "topic_block_warning": "Möchten Sie diese Unterhaltung wirklich blockieren?",
    "menu_item_member_delete": "Entfernen",
    "menu_item_archive_topic": "Archivieren",
    "action_cancel": "Abbrechen",
    "upload_finishing": "wird abgeschlossen...",
    "no_contacts": "Sie haben keine Kontakte :-(",
    "contacts_not_found_short": "Keine Kontakte für ''{query}''",
    "title_group_members": "Gruppenmitglieder",
    "title_all_contacts": "Alle Kontakte",
    "button_ok": "OK",
    "button_cancel": "Abbrechen",
    "more_online_members": "+{overflow} mehr",
    "download_action": "herunterladen",
    "label_file_name": "Dateiname:",
    "label_content_type": "Inhaltsart:",
    "label_size": "Größe:",
    "chat_invitation": "Sie sind eingeladen, an einem neuen Chat teilzunehmen. Was möchten Sie tun?",
    "chat_invitation_accept": "Akzeptieren",
    "chat_invitation_ignore": "Ignorieren",
    "chat_invitation_block": "Blockieren",
    "error_invalid_id": "ungültige ID",
    "group_user_id_prompt": "Gruppe oder Benutzer ID",
    "button_subscribe": "Abbonieren",
    "topic_name_editing_placeholder": "Freiform Name der Gruppe",
    "button_create": "Erstellen",
    "permission_join": "Beitreten ({val})",
    "permission_read": "Lesen ({val})",
    "permission_write": "Schreiben ({val})",
    "permission_pres": "Benachrichtigt werden ({val})",
    "permission_admin": "Bestätigen ({val})",
    "permission_share": "Teilen ({val})",
    "permission_delete": "Entfernen ({val})",
    "permission_owner": "Besitzer ({val})",
    "title_permissions": "Berechtigungen",
    "message_sending": "wird gesendet...",
    "message_sending_failed": "fehlgeschlagen",
    "search_placeholder": "Liste: email:lisa@beispiel.de, tel:17025550003...",
    "messaging_disabled_prompt": "Nachrichtenübermittlung deaktiviert",
    "new_message_prompt": "Neue Nachricht",
    "image_caption_prompt": "Bildunterschrift",
    "file_attachment_too_large": "Die Dateigröße {size} überschreitet das Limit von {limit}.",
    "cannot_initiate_file_upload": "Datei kann nicht hochgeladen werden.",
    "tags_not_found": "Keine Schlagworte definiert. Erstellen Sie welche.",
    "tags_editor_no_tags": "Schlagworte hinzufügen",
    "title_manage_tags": "Verwalten"
  },
  "en": {
    "validate_credential_action": "confirm",
    "title_tag_manager": "Tags (user discovery)",
    "label_user_contacts": "Contacts:",
    "button_add_another": "Add another",
    "label_message_sound": "Message sound:",
    "label_push_notifications": "Notification alerts:",
    "label_push_notifications_disabled": "Notification alerts (requires HTTPS):",
    "label_incognito_mode": "Incognito mode:",
    "delete_account": "Delete account",
    "delete_account_arning": "Are you sure you want to delete your account? It cannot be undone.",
    "label_password": "Password",
    "password_unchanged_prompt": "Unchanged",
    "button_logout": "Logout",
    "button_delete_account": "Delete account",
    "label_default_access_mode": "Default access mode:",
    "blocked_contacts_link": "Blocked contacts ({count})",
    "link_contact_us": "Contact Us",
    "link_terms_of_service": "Terms of Service",
    "link_privacy_policy": "Privacy Policy",
    "label_sdk": "SDK:",
    "label_server_address": "Server address:",
    "archived_contacts": "Archived contacts ({count})",
    "contacts_not_found": "You have no chats<br />¯∖_(ツ)_/¯",
    "full_name_prompt": "Full name, e.g. John Doe",
    "email_prompt": "Email, e.g. jdoe@example.com",
    "button_sign_up": "Sign up",
    "label_your_name": "Your name",
    "label_user_id": "ID:",
    "button_edit": "Edit",
    "requested_permissions": "Requested",
    "granted_permissions": "Granted",
    "menu_item_edit_permissions": "Edit permissions",
    "label_other_user": "Other",
    "action_clear_messages": "Clear Messages",
    "clear_messages_warning": "Are you sure you want to clear all messages? It cannot be undone.",
    "action_delete_messages": "Clear Messages for All",
    "delete_messages_warning": "Are you sure you want to delete all messages for everyone? It cannot be undone.",
    "action_leave_chat": "Leave Conversation",
    "leave_chat_warning": "Are you sure you want to leave this conversation?",
    "action_block_contact": "Block Contact",
    "block_contact_warning": "Are you sure you want to block this contact?",
    "action_report_chat": "Report Conversation",
    "report_chat_warning": "Are you sure you want to block and report this conversation?",
    "title_info": "Info",
    "label_topic_name": "Name",
    "label_private": "Private comment",
    "private_editing_placeholder": "Visible to you only",
    "label_muting_topic": "Muted:",
    "action_more": "More",
    "label_your_permissions": "Your permissions:",
    "label_permissions": "Permissions:",
    "label_you": "You:",
    "label_default_access": "Default access mode:",
    "label_group_members": "Group members:",
    "button_add_members": "Add members",
    "group_has_no_members": "No members",
    "login_prompt": "Login",
    "password_prompt": "Password",
    "stay_logged_in": "Stay logged in",
    "forgot_password_link": "Forgot password?",
    "button_sign_in": "Sign in",
    "label_client": "Client:",
    "label_server": "Server:",
    "online_now": "online now",
    "last_seen_timestamp": "Last seen",
    "title_not_found": "Not found",
    "unnamed_topic": "Unnamed",
    "messages_not_readable": "no access to messages",
    "peers_messaging_disabled": "Peer's messaging is disabled.",
    "enable_peers_messaging": "Enable",
    "search_for_contacts": "Use search to find contacts",
    "search_no_results": "Search returned no results",
    "tabtitle_find_user": "find",
    "tabtitle_new_group": "new group",
    "tabtitle_group_by_id": "by id",
    "new_password_placeholder": "Enter new password",
    "label_reset_password": "Send a password reset email:",
    "credential_email_prompt": "Your registration email",
    "button_reset": "Reset",
    "button_send_request": "Send request",
    "label_server_to_use": "Server to use:",
    "label_wire_transport": "Wire transport:",
    "button_update": "Update",
    "sidepanel_title_login": "Sign In",
    "sidepanel_title_register": "Create Account",
    "sidepanel_title_settings": "Settings",
    "sidepanel_title_account_settings": "Account Settings",
    "sidepanel_title_acc_general": "General",
    "sidepanel_title_acc_security": "Security",
    "sidepanel_title_acc_notifications": "Notifications",
    "sidepanel_title_acc_support": "Support",
    "sidepanel_title_newtpk": "Start New Chat",
    "sidepanel_title_cred": "Confirm Credentials",
    "sidepanel_title_reset": "Reset Password",
    "sidepanel_title_archive": "Archived Chats",
    "sidepanel_title_blocked": "Blocked Chats",
    "reconnect_countdown": "Disconnected. Reconnecting in {seconds}…",
    "reconnect_now": "Try now",
    "push_init_failed": "Failed to initialize push notifications",
    "invalid_security_token": "Invalid security token",
    "no_connection": "No connection",
    "code_doesnot_match": "Code does not match",
    "update_available": "Update available.",
    "reload_update": "Reload",
    "phone_dative": "phone",
    "email_dative": "email",
    "enter_confirmation_code_prompt": "Enter confirmation code sent to you by {method}:",
    "numeric_confirmation_code_prompt": "Numbers only",
    "button_confirm": "Confirm",
    "save_attachment": "save",
    "deleted_content": "content deleted",
    "invalid_content": "invalid content",
    "user_not_found": "Not found",
    "badge_you": "you",
    "badge_owner": "owner",
    "menu_item_info": "Info",
    "menu_item_clear_messages": "Clear messages",
    "menu_item_clear_messages_for_all": "Clear for All",
    "menu_item_delete": "Delete",
    "menu_item_delete_for_all": "Delete for All",
    "menu_item_send_retry": "Retry",
    "menu_item_mute": "Mute",
    "menu_item_unmute": "Unmute",
    "menu_item_delete_topic": "Delete",
    "topic_delete_warning": "Are you sure you want to delete this conversation?",
    "menu_item_unblock": "Unblock",
    "menu_item_block": "Block",
    "topic_block_warning": "Are you sure you want to block this conversation?",
    "menu_item_member_delete": "Remove",
    "menu_item_archive_topic": "Archive",
    "action_cancel": "cancel",
    "upload_finishing": "finishing...",
    "no_contacts": "You have no contacts :-(",
    "contacts_not_found_short": "No contacts match ''{query}''",
    "title_group_members": "Group Members",
    "title_all_contacts": "All Contacts",
    "button_ok": "OK",
    "button_cancel": "Cancel",
    "more_online_members": "+{overflow} more",
    "download_action": "download",
    "label_file_name": "File name:",
    "label_content_type": "Content type:",
    "label_size": "Size:",
    "chat_invitation": "You are invited to start a new chat. What would you like to do?",
    "chat_invitation_accept": "Accept",
    "chat_invitation_ignore": "Ignore",
    "chat_invitation_block": "Block",
    "error_invalid_id": "Invalid ID",
    "group_user_id_prompt": "Group or User ID",
    "button_subscribe": "Subscribe",
    "topic_name_editing_placeholder": "Freeform name of the group",
    "button_create": "Create",
    "permission_join": "Join ({val})",
    "permission_read": "Read ({val})",
    "permission_write": "Write ({val})",
    "permission_pres": "Get notified ({val})",
    "permission_admin": "Approve ({val})",
    "permission_share": "Share ({val})",
    "permission_delete": "Delete ({val})",
    "permission_owner": "Owner ({val})",
    "title_permissions": "Permissions",
    "message_sending": "sending...",
    "message_sending_failed": "failed",
    "search_placeholder": "List like email:alice@example.com, tel:17025550003...",
    "messaging_disabled_prompt": "Messaging disabled",
    "new_message_prompt": "New message",
    "image_caption_prompt": "Image caption",
    "file_attachment_too_large": "The file size {size} exceeds the {limit} limit.",
    "cannot_initiate_file_upload": "Cannot initiate file upload.",
    "tags_not_found": "No tags defined. Add some.",
    "tags_editor_no_tags": "Add some tags",
    "title_manage_tags": "Manage"
  },
  "es": {
    "validate_credential_action": "confirmar",
    "title_tag_manager": "Etiquetas (descubrimiento de usuarios)",
    "label_user_contacts": "Contactos:",
    "button_add_another": "Añadir contacto",
    "label_message_sound": "Sonido de mensaje:",
    "label_push_notifications": "Alertas de notificaciones:",
    "label_push_notifications_disabled": "Alertas de notificaciones (requiere HTTPS):",
    "label_incognito_mode": "Modo incógnito:",
    "delete_account": "Eliminar cuenta",
    "delete_account_arning": "¿Estás seguro de que deseas eliminar permanentemente tu cuenta? Esta acción es irreversible.",
    "label_password": "Contraseña",
    "password_unchanged_prompt": "Sin cambios",
    "button_logout": "Cerrar sesión",
    "button_delete_account": "Eliminar cuenta",
    "label_default_access_mode": "Modo de acceso predeterminado:",
    "blocked_contacts_link": "Contactos bloqueados ({count})",
    "link_contact_us": "Contáctanos",
    "link_terms_of_service": "Términos de uso",
    "link_privacy_policy": "Política de privacidad",
    "label_sdk": "SDK:",
    "label_server_address": "Dirección del servidor:",
    "archived_contacts": "Contactos archivados ({count})",
    "contacts_not_found": "No tienes chats<br />¯∖_(ツ)_/¯",
    "full_name_prompt": "Nombre completo, p.ej. Juan González Hernández",
    "email_prompt": "Correo electrónico, p.ej. juan@example.com",
    "button_sign_up": "Regístrate",
    "label_your_name": "Tu nombre",
    "label_user_id": "ID:",
    "button_edit": "Editar",
    "requested_permissions": "Solicitados",
    "granted_permissions": "Otorgados",
    "menu_item_edit_permissions": "Editar permisos",
    "label_other_user": "Otros",
    "action_clear_messages": "Borrar mensajes",
    "clear_messages_warning": "¿Estás seguro de que quieres eliminar todos los mensajes? Esta acción es irreversible.",
    "action_delete_messages": "Borrar mensajes para todos",
    "delete_messages_warning": "¿Estás seguro de que quieres eliminar todos los mensajes para todos? Esta acción es irreversible.",
    "action_leave_chat": "Dejar conversación",
    "leave_chat_warning": "¿Estás seguro de que quieres dejar esta conversación?",
    "action_block_contact": "Bloquear contacto",
    "block_contact_warning": "¿Estás seguro de que quieres bloquear a este contacto?",
    "action_report_chat": "Reportar conversación",
    "report_chat_warning": "¿Estás seguro de que quieres bloquear y reportar a esta conversación?",
    "title_info": "Información",
    "label_topic_name": "Nombre del tema",
    "label_private": "Comentario privado",
    "private_editing_placeholder": "Sólo visible para tí",
    "label_muting_topic": "Silenciado:",
    "action_more": "Más",
    "label_your_permissions": "Tus permisoss:",
    "label_permissions": "Permisos:",
    "label_you": "Tú:",
    "label_default_access": "Modo de acceso predeterminado:",
    "label_group_members": "Miembros del grupo:",
    "button_add_members": "Añadir miembros",
    "group_has_no_members": "No hay miembros",
    "login_prompt": "Nombre de usuario",
    "password_prompt": "Contraseña",
    "stay_logged_in": "Permanecer conectado",
    "forgot_password_link": "¿Olvidaste tu contraseña?",
    "button_sign_in": "Entrar",
    "label_client": "Cliente:",
    "label_server": "Servidor:",
    "online_now": "en línea",
    "last_seen_timestamp": "Últ. vez",
    "title_not_found": "No encontrado",
    "unnamed_topic": "Sin nombre",
    "messages_not_readable": "sin acceso a mensajes",
    "peers_messaging_disabled": "La mensajería Peer está deshabilitada.",
    "enable_peers_messaging": "Habilitar",
    "search_for_contacts": "Usa la búsqueda para encontrar contactos",
    "search_no_results": "La búsqueda no arrojó resultados",
    "tabtitle_find_user": "encontrar",
    "tabtitle_new_group": "nuevo grupo",
    "tabtitle_group_by_id": "por ID",
    "new_password_placeholder": "Introduzca una nueva contraseña",
    "label_reset_password": "Enviar un correo electrónico de restablecimiento de contraseña:",
    "credential_email_prompt": "Tu correo electrónico de registro",
    "button_reset": "Restablecer",
    "button_send_request": "Enviar petición",
    "label_server_to_use": "Servidor para usar:",
    "label_wire_transport": "Transporte de alambre:",
    "button_update": "Actualizar",
    "sidepanel_title_login": "Iniciar sesión",
    "sidepanel_title_register": "Crear cuenta",
    "sidepanel_title_settings": "Ajustes",
    "sidepanel_title_account_settings": "Ajustes de la cuenta",
    "sidepanel_title_acc_general": "General",
    "sidepanel_title_acc_security": "Seguridad",
    "sidepanel_title_acc_notifications": "Notificaciones",
    "sidepanel_title_acc_support": "Soporte",
    "sidepanel_title_newtpk": "Iniciar un nuevo chat",
    "sidepanel_title_cred": "Confirmar credenciales",
    "sidepanel_title_reset": "Restablecer contraseña",
    "sidepanel_title_archive": "Chats archivados",
    "sidepanel_title_blocked": "Chats bloqueados",
    "update_available": "Actualización disponible.",
    "reload_update": "Recargar",
    "reconnect_countdown": "Desconectado. Reconectando en {seconds}…",
    "reconnect_now": "Reintentar",
    "push_init_failed": "Error al inicializar las notificaciones push",
    "invalid_security_token": "Token de seguridad inválido",
    "no_connection": "Sin conexión",
    "code_doesnot_match": "El código no coincide",
    "phone_dative": "teléfono",
    "email_dative": "correo electrónico",
    "enter_confirmation_code_prompt": "Intruduzca el código de confirmación enviado a tu {method}:",
    "numeric_confirmation_code_prompt": "Sólo números",
    "button_confirm": "Confirmar",
    "save_attachment": "guardar",
    "deleted_content": "este mensaje fue eliminado",
    "invalid_content": "contenido inválido",
    "user_not_found": "Usuario no encontrado",
    "badge_you": "tú",
    "badge_owner": "propietario",
    "menu_item_info": "Información",
    "menu_item_clear_messages": "Borrar mensajes",
    "menu_item_clear_messages_for_all": "Borrar para todos",
    "menu_item_delete": "Eliminar",
    "menu_item_delete_for_all": "Eliminar para todos",
    "menu_item_send_retry": "Inténtalo de nuevo",
    "menu_item_mute": "Silenciar",
    "menu_item_unmute": "Anular el silencio",
    "menu_item_delete_topic": "Eliminar",
    "topic_delete_warning": "¿Estás seguro de que quieres eliminar esta conversación?",
    "menu_item_unblock": "Desbloquear",
    "menu_item_block": "Bloquear",
    "topic_block_warning": "¿Estás seguro de que quieres bloquear esta conversación",
    "menu_item_member_delete": "Eliminar",
    "menu_item_archive_topic": "Archivar",
    "action_cancel": "cancelar",
    "upload_finishing": "terminando...",
    "no_contacts": "No tienes contactos :-(",
    "contacts_not_found_short": "Ningún contacto coincide con ''{query}''",
    "title_group_members": "Miembros del grupo",
    "title_all_contacts": "Todos los contactos",
    "button_ok": "OK",
    "button_cancel": "Cancelar",
    "more_online_members": "+{overflow} más",
    "download_action": "descargar",
    "label_file_name": "Nombre del archivo:",
    "label_content_type": "Tipo de contenido:",
    "label_size": "Tamaño:",
    "chat_invitation": "Estás invitado a participar en un nuevo chat. ¿Qué te gustaría hacer?",
    "chat_invitation_accept": "Aceptar",
    "chat_invitation_ignore": "Ignorar",
    "chat_invitation_block": "Bloquear",
    "error_invalid_id": "ID inválido",
    "group_user_id_prompt": "ID del grupo o usuario",
    "button_subscribe": "Suscribirse",
    "topic_name_editing_placeholder": "Nombre del grupo",
    "button_create": "Crear",
    "permission_join": "Unirse ({val})",
    "permission_read": "Leer ({val})",
    "permission_write": "Escribir ({val})",
    "permission_pres": "Ser notificado ({val})",
    "permission_admin": "Approbar ({val})",
    "permission_share": "Compartir ({val})",
    "permission_delete": "Eliminar ({val})",
    "permission_owner": "Propietario ({val})",
    "title_permissions": "Permisos",
    "message_sending": "enviando...",
    "message_sending_failed": "no se pudo enviar el mensaje",
    "search_placeholder": "Ej. email:alice@example.com, tel:17025550003...",
    "messaging_disabled_prompt": "El envío de mensajes está deshabilitado",
    "new_message_prompt": "Nuevo mensaje",
    "image_caption_prompt": "Añade un comentario",
    "file_attachment_too_large": "El tamaño del archivo {size} excede el límite de {limit}.",
    "cannot_initiate_file_upload": "No se pudo iniciar la carga del archivo.",
    "tags_not_found": "No hay etiquetas definidas. Añade unas.",
    "tags_editor_no_tags": "Añadir etiquetas",
    "title_manage_tags": "Gestionar"
  },
  "ko": {
    "validate_credential_action": "확인",
    "title_tag_manager": "태그(사용자검색)",
    "label_user_contacts": "연락처: ",
    "button_add_another": "다른항목추가",
    "label_message_sound": "메시지소리: ",
    "label_push_notifications": "통지경보: ",
    "label_push_notifications_disabled": "통지경보(HTTPS필요): ",
    "label_incognito_mode": "시크릿모드: ",
    "delete_account": "계정삭제",
    "delete_account_arning": "계정을삭제하시겠습니까?실행취소할수없습니다.",
    "label_password": "비밀번호",
    "password_unchanged_prompt": "변경되지않음",
    "button_logout": "로그아웃",
    "button_delete_account": "계정삭제",
    "label_default_access_mode": "기본액세스모드: ",
    "blocked_contacts_link": "차단된연락처({수})",
    "link_contact_us": "문의처",
    "link_terms_of_service": "서비스약관",
    "link_privacy_policy": "개인정보보호정책",
    "label_sdk": "SDK:",
    "label_server_address": "서버주소: ",
    "archived_contacts": "보관된연락처({수})",
    "contacts_not_found": "채팅이없습니다<br/>¯∖_(ツ)_/¯",
    "full_name_prompt": "전체이름(예:홍길동)",
    "email_prompt": "이메일(예:hong@example.com)",
    "button_sign_up": "가입",
    "label_your_name": "이름",
    "label_user_id": "ID:",
    "button_edit": "편집",
    "requested_permissions": "요청",
    "menu_item_edit_permissions": "편집권한",
    "label_other_user": "기타",
    "action_clear_messages": "메시지지우기",
    "clear_messages_warning": "모든메시지를지우시겠습니까?실행취소할수없습니다.",
    "action_delete_messages": "모든메시지지우기",
    "delete_messages_warning": "모든사람의모든메시지를삭제하시겠습니까?실행취소할수없습니다.",
    "action_leave_chat": "대화나누기",
    "leave_chat_warning": "이대화를나가시겠습니까?",
    "action_block_contact": "연락차단",
    "block_contact_warning": "이연락처를차단하시겠습니까?",
    "action_report_chat": "대화기록",
    "report_chat_warning": "이대화를차단하고기록하시겠습니까?",
    "title_info": "정보",
    "label_topic_name": "이름",
    "label_private": "개인코멘트",
    "private_editing_placeholder": "나만볼수있습니다",
    "label_muting_topic": "음소거: ",
    "action_more": "더보기",
    "label_your_permissions": "권한: ",
    "label_permissions": "권한: ",
    "label_you": "당신: ",
    "label_default_access": "기본액세스모드: ",
    "label_group_members": "그룹회원: ",
    "button_add_members": "회원추가",
    "group_has_no_members": "회원없음",
    "login_prompt": "로그인",
    "password_prompt": "비밀번호",
    "stay_logged_in": "로그인상태유지",
    "forgot_password_link": "비밀번호를잊으셨습니까?",
    "button_sign_in": "로그인",
    "label_client": "클라이언트: ",
    "label_server": "서버: ",
    "online_now": "현재접속중",
    "last_seen_timestamp": "마지막으로본",
    "title_not_found": "찾을수없음",
    "unnamed_topic": "이름없는",
    "peers_messaging_disabled": "동료의메시지가비활성화되었습니다.",
    "enable_peers_messaging": "활성화",
    "search_for_contacts": "검색을사용하여연락처찾기",
    "search_no_results": "검색결과가없습니다",
    "tabtitle_find_user": "찾기",
    "tabtitle_new_group": "새그룹",
    "tabtitle_group_by_id": "id로",
    "new_password_placeholder": "새비밀번호입력",
    "label_reset_password": "비밀번호재설정이메일보내기: ",
    "credential_email_prompt": "등록이메일",
    "button_reset": "재설정",
    "button_send_request": "요청보내기",
    "label_server_to_use": "사용할서버:",
    "label_wire_transport": "와이어수송:",
    "button_update": "업데이트",
    "sidepanel_title_login": "로그인",
    "sidepanel_title_register": "계정만들기",
    "sidepanel_title_settings": "설정",
    "sidepanel_title_account_settings": "계정설정",
    "sidepanel_title_acc_general": "일반",
    "sidepanel_title_acc_security": "보안",
    "sidepanel_title_acc_notifications": "알림",
    "sidepanel_title_acc_support": "지원",
    "sidepanel_title_newtpk": "새채팅시작",
    "sidepanel_title_cred": "자격증명확인",
    "sidepanel_title_reset": "비밀번호재설정",
    "sidepanel_title_archive": "보관된채팅",
    "sidepanel_title_blocked": "차단된채팅",
    "update_available": "업데이트가능.",
    "reload_update": "재로드",
    "reconnect_countdown": "연결이끊어졌습니다.다시연결하는중{초}…",
    "reconnect_now": "지금시도",
    "push_init_failed": "푸시알림을초기화하지못했습니다",
    "invalid_security_token": "유효하지않은보안토큰",
    "no_connection": "연결없음",
    "code_doesnot_match": "코드가일치하지않습니다",
    "phone_dative": "전화",
    "email_dative": "이메일",
    "enter_confirmation_code_prompt": "{방법}으로보낸확인코드를입력하십시오:",
    "numeric_confirmation_code_prompt": "숫자만",
    "button_confirm": "확인",
    "save_attachment": "저장",
    "invalid_content": "잘못된내용",
    "user_not_found": "찾을수없음",
    "badge_you": "당신",
    "badge_owner": "소유자",
    "menu_item_info": "정보",
    "menu_item_clear_messages": "메시지지우기",
    "menu_item_clear_messages_for_all": "모두지우기",
    "menu_item_delete": "삭제",
    "menu_item_delete_for_all": "모두삭제",
    "menu_item_send_retry": "다시시도",
    "menu_item_mute": "음소거",
    "menu_item_unmute": "음소거해제",
    "menu_item_delete_topic": "삭제",
    "topic_delete_warning": "이대화를삭제하시겠습니까?",
    "menu_item_unblock": "차단해제",
    "menu_item_block": "차단",
    "topic_block_warning": "이대화를차단하시겠습니까?",
    "menu_item_member_delete": "제거",
    "menu_item_archive_topic": "보관",
    "action_cancel": "취소",
    "upload_finishing": "마무리...",
    "no_contacts": "연락처가없습니다 (._.)",
    "contacts_not_found_short": "'{문의}'와일치하는연락처가없습니다.",
    "title_group_members": "그룹구성원",
    "title_all_contacts": "모든연락처",
    "button_ok": "OK",
    "button_cancel": "취소",
    "more_online_members": "+{넘침}더보기",
    "download_action": "다운로드",
    "label_file_name": "파일이름: ",
    "label_content_type": "컨텐츠유형: ",
    "label_size": "크기: ",
    "chat_invitation": "새로운대화를시작하도록초대되었습니다.무엇을하시겠습니까?",
    "chat_invitation_accept": "수락",
    "chat_invitation_ignore": "무시",
    "chat_invitation_block": "차단",
    "error_invalid_id": "잘못된ID",
    "group_user_id_prompt": "그룹또는사용자ID",
    "button_subscribe": "구독",
    "topic_name_editing_placeholder": "그룹의자유형이름",
    "button_create": "작성",
    "permission_join": "참여({val})",
    "permission_read": "읽기({val})",
    "permission_write": "쓰기({val})",
    "permission_pres": "알림받기({val})",
    "permission_admin": "승인({val})",
    "permission_share": "공유({val})",
    "permission_delete": "삭제({val})",
    "permission_owner": "소유자({val})",
    "title_permissions": "권한",
    "message_sending": "보내기...",
    "message_sending_failed": "실패",
    "search_placeholder": "email:alice@example.com,tel:17025550003...와같은목록",
    "messaging_disabled_prompt": "메시지비활성화",
    "new_message_prompt": "새메시지",
    "image_caption_prompt": "이미지설명",
    "file_attachment_too_large": "파일크기{크기}이(가){제한}제한을초과합니다.",
    "cannot_initiate_file_upload": "파일업로드를시작할수없습니다.",
    "tags_not_found": "태그가정의되지않았습니다.일부를추가하십시오.",
    "tags_editor_no_tags": "일부태그추가",
    "title_manage_tags": "관리"
  },
  "ru": {
    "contacts_not_found": "Чатов нет<br />¯∖_(ツ)_/¯",
    "full_name_prompt": "Полное имя, напр. Иван Петров",
    "email_prompt": "Email, напр. ivan@example.com",
    "button_sign_up": "Создать аккаунт",
    "label_your_name": "Ваше имя",
    "label_password": "Пароль",
    "password_unchanged_prompt": "Не изменен",
    "label_user_id": "ID:",
    "label_default_access_mode": "Доступ по умолчанию:",
    "label_message_sound": "Звук нового сообщения:",
    "label_push_notifications": "Уведомления:",
    "label_push_notifications_disabled": "Уведомления (требуют HTTPS):",
    "title_tag_manager": "Теги для поиска",
    "button_logout": "Выйти",
    "login_prompt": "Логин",
    "password_prompt": "Пароль",
    "stay_logged_in": "Запомнить",
    "forgot_password_link": "Напомнить пароль",
    "button_sign_in": "Войти",
    "label_client": "Клиент:",
    "label_server": "Сервер:",
    "online_now": "онлайн",
    "last_seen_timestamp": "Был активен",
    "title_not_found": "Не найден",
    "unnamed_topic": "Без названия",
    "messages_not_readable": "нет доступа к сообщениям",
    "tabtitle_find_user": "найти",
    "tabtitle_new_group": "создать",
    "tabtitle_group_by_id": "по id",
    "label_server_to_use": "Использовать сервер:",
    "label_wire_transport": "Соединение:",
    "button_update": "Применить",
    "sidepanel_title_login": "Авторизация",
    "sidepanel_title_register": "Зарегистрироваться",
    "sidepanel_title_settings": "Настройки",
    "sidepanel_title_account_settings": "Настройки аккаунта",
    "sidepanel_title_newtpk": "Новый чат",
    "sidepanel_title_cred": "Подтвердить",
    "sidepanel_title_reset": "Сменить пароль",
    "tags_not_found": "Тегов нет. Добавьте",
    "tags_editor_no_tags": "Добавьте теги",
    "title_manage_tags": "Редактировать",
    "message_sending": "в пути...",
    "message_sending_failed": "ошибка",
    "search_placeholder": "Список, напр. email:alice@example.com, tel:+17025550003...",
    "messaging_disabled_prompt": "Отправка недоступна",
    "new_message_prompt": "Новое сообщение",
    "file_attachment_too_large": "Размер файла {size} превышает {limit} лимит.",
    "cannot_initiate_file_upload": "Ошибка загрузки файла.",
    "search_for_contacts": "Поиск контактов",
    "enter_confirmation_code_prompt": "Код подтверждения, полученный по {method}:",
    "numeric_confirmation_code_prompt": "Только цифры",
    "button_confirm": "Подтвердить",
    "button_ok": "OK",
    "button_cancel": "Отменить",
    "invalid_content": "сообщение не читается",
    "label_file_name": "Имя файла:",
    "label_content_type": "Тип:",
    "label_size": "Размер:",
    "phone_dative": "телефону",
    "email_dative": "емейлу",
    "title_group_members": "Участники",
    "download_action": "скачать",
    "permission_join": "Подписываться ({val})",
    "permission_read": "Читать ({val})",
    "permission_write": "Писать ({val})",
    "permission_pres": "Уведомлять ({val})",
    "permission_admin": "Подтверждать ({val})",
    "permission_share": "Приглашать ({val})",
    "permission_delete": "Удалять ({val})",
    "permission_owner": "Владелец ({val})",
    "title_permissions": "Права доступа",
    "requested_permissions": "Требуются",
    "granted_permissions": "Получены",
    "menu_item_edit_permissions": "Права доступа",
    "label_other_user": "Второй",
    "label_topic_name": "Название",
    "label_private": "Комментарий",
    "private_editing_placeholder": "Виден только вам",
    "label_muting_topic": "Без уведомлений",
    "action_more": "Ещё",
    "label_your_permissions": "Ваши права доступа:",
    "label_permissions": "Права доступа:",
    "label_you": "Вы:",
    "label_default_access": "Права по умолчанию:",
    "label_group_members": "Участники чата:",
    "button_add_members": "Добавить",
    "group_has_no_members": "Нет участников",
    "action_leave_chat": "Уйти из чата",
    "menu_item_info": "Информация",
    "menu_item_clear_messages": "Удалить сообщения",
    "menu_item_clear_messages_for_all": "Удалить для всех",
    "menu_item_delete": "Удалить",
    "menu_item_delete_for_all": "Удалить для всех",
    "menu_item_send_retry": "Отправить заново",
    "menu_item_mute": "Не уведомлять",
    "menu_item_unmute": "Уведомлять",
    "menu_item_delete_topic": "Удалить чат",
    "menu_item_unblock": "Разблокировать",
    "menu_item_block": "Заблокировать",
    "menu_item_member_delete": "Отписать",
    "title_info": "Подробности",
    "new_password_placeholder": "Введите новый пароль",
    "label_reset_password": "Отправить емейл для смены пароля:",
    "credential_email_prompt": "Регистрационный емейл",
    "button_reset": "Изменить",
    "button_send_request": "Отправить",
    "action_cancel": "отменить",
    "upload_finishing": "завершение...",
    "no_contacts": "Ничего нет :-(",
    "contacts_not_found_short": "Нет контактов для запроса ''{query}''",
    "title_all_contacts": "Все контакты",
    "error_invalid_id": "Неверный ID",
    "group_user_id_prompt": "ID чата или пользователя",
    "button_subscribe": "Подписаться",
    "topic_name_editing_placeholder": "Название чата",
    "button_create": "Создать",
    "badge_you": "вы",
    "badge_owner": "влад.",
    "update_available": "Есть новая версия приложения.",
    "reload_update": "Обновить",
    "user_not_found": "Не найден",
    "reconnect_countdown": "Нет связи. Подключение через {seconds}…",
    "reconnect_now": "Подключить сейчас.",
    "save_attachment": "сохранить",
    "menu_item_archive_topic": "В архив",
    "archived_contacts": "Чаты в архиве ({count})",
    "sidepanel_title_archive": "Архив чатов",
    "chat_invitation": "Вас пригласили начать новый чат. Как вы хотите поступить?",
    "chat_invitation_accept": "Принять",
    "chat_invitation_ignore": "Игнорировать",
    "chat_invitation_block": "Заблокировать",
    "peers_messaging_disabled": "Чат заблокирован у корреспондента.",
    "enable_peers_messaging": "Разблокировать.",
    "more_online_members": "+еще {overflow}",
    "label_user_contacts": "Конакты:",
    "validate_credential_action": "подтвердить",
    "link_contact_us": "Связаться с нами",
    "link_terms_of_service": "Условия сервиса",
    "link_privacy_policy": "Политика конфиденциальности",
    "action_delete_messages": "Удалить сообщения",
    "action_block_contact": "Заблокировать контакт",
    "action_report_chat": "Сообщить о нарушении",
    "delete_messages_warning": "Вы действительно хотите удалить все сообщения?",
    "leave_chat_warning": "Вы действительно хотите покинуть этот чат?",
    "block_contact_warning": "Вы действительно заблокировать этот контакт?",
    "report_chat_warning": "Вы действительно хотите сообщить о нарушении и заблокировать этот чат?",
    "action_clear_messages": "Удалить сообщения",
    "clear_messages_warning": "Вы действительно хотите удалить все сообщения в чате? Их будет невозможно восстановить.",
    "topic_delete_warning": "Вы действительно хотите удалить этот чат?",
    "topic_block_warning": "Вы действительно хотите заблокировать этот чат?",
    "search_no_results": "Ничего не найдено",
    "deleted_content": "удалено",
    "image_caption_prompt": "Подпись к фото",
    "label_incognito_mode": "Режим инкогнито:",
    "delete_account": "Удалить аккаунт",
    "delete_account_arning": "Вы уверены, что ходите удалить свой аккаунт? Его невозможно будет восстановить.",
    "button_delete_account": "Удалить аккаунт",
    "sidepanel_title_acc_security": "Безопасность",
    "sidepanel_title_acc_notifications": "Уведомления",
    "sidepanel_title_acc_support": "Поддержка",
    "label_sdk": "SDK:",
    "label_server_address": "Адрес сервера:",
    "button_edit": "Редактировать",
    "button_add_another": "Добавить",
    "sidepanel_title_acc_general": "Общие настройки",
    "blocked_contacts_link": "Заблокированные ({count})",
    "sidepanel_title_blocked": "Заблокированные чаты",
    "push_init_failed": "Ошибка инициализации пуш уведомлений",
    "invalid_security_token": "Токен некорректен",
    "no_connection": "Нет связи",
    "code_doesnot_match": "Код не совпадает"
  },
  "zh": {
    "archived_contacts": "已归档联系人 ({count})",
    "contacts_not_found": "你尚无会话<br />¯∖_(ツ)_/¯",
    "full_name_prompt": "全名，例如张伟",
    "email_prompt": "电子邮件，例如 zhang@example.com",
    "button_sign_up": "注册",
    "label_your_name": "你的姓名",
    "label_password": "密码",
    "password_unchanged_prompt": "未改变",
    "label_user_id": "地址：",
    "label_default_access_mode": "蓦然访问模式：",
    "label_message_sound": "消息提示音：",
    "label_push_notifications": "通知提醒：",
    "label_push_notifications_disabled": "通知提醒（需要 HTTPS）：",
    "title_tag_manager": "标签（用户发现）",
    "button_logout": "登出",
    "requested_permissions": "已请求",
    "granted_permissions": "已授予",
    "menu_item_edit_permissions": "编辑权限",
    "label_other_user": "其他",
    "title_info": "信息",
    "label_topic_name": "名称",
    "label_private": "私人评论",
    "private_editing_placeholder": "仅自己可见",
    "label_muting_topic": "已静音：",
    "action_more": "更多",
    "label_your_permissions": "你的权限：",
    "label_permissions": "权限：",
    "label_you": "你：",
    "label_default_access": "默认权限模式：",
    "label_group_members": "群组成员：",
    "button_add_members": "添加成员",
    "group_has_no_members": "无成员",
    "action_leave_chat": "离开",
    "login_prompt": "登录",
    "password_prompt": "密码",
    "stay_logged_in": "保持登录",
    "forgot_password_link": "忘记密码？",
    "button_sign_in": "登录",
    "label_client": "客户端：",
    "label_server": "服务器：",
    "online_now": "在线",
    "last_seen_timestamp": "最后可见",
    "title_not_found": "无法找到",
    "unnamed_topic": "未命名",
    "messages_not_readable": "无消息访问权限",
    "peers_messaging_disabled": "成员间消息已禁用。",
    "enable_peers_messaging": "启用",
    "tabtitle_find_user": "搜索",
    "tabtitle_new_group": "新群组",
    "tabtitle_group_by_id": "通过 id",
    "search_for_contacts": "使用搜索寻找联系人",
    "new_password_placeholder": "输入新密码",
    "label_reset_password": "发送密码重置邮件：",
    "credential_email_prompt": "你的注册邮箱",
    "button_reset": "重置",
    "button_send_request": "发送请求",
    "label_server_to_use": "使用的服务器：",
    "label_wire_transport": "线路传输：",
    "button_update": "更新",
    "sidepanel_title_login": "登录",
    "sidepanel_title_register": "创建账户",
    "sidepanel_title_settings": "设置",
    "sidepanel_title_account_settings": "帐号设定",
    "sidepanel_title_newtpk": "开始新会话",
    "sidepanel_title_cred": "确认凭据",
    "sidepanel_title_reset": "重置密码",
    "sidepanel_title_archive": "已存档会话",
    "update_available": "更新可用。",
    "reload_update": "重新载入",
    "reconnect_countdown": "连接已断开。{seconds} 秒后重新连接…",
    "reconnect_now": "立即尝试",
    "phone_dative": "电话",
    "email_dative": "电子邮件",
    "enter_confirmation_code_prompt": "输入通过{method}发送的验证码：",
    "numeric_confirmation_code_prompt": "仅数字",
    "button_confirm": "确认",
    "save_attachment": "保存",
    "invalid_content": "无效内容",
    "user_not_found": "未找到",
    "badge_you": "你",
    "badge_owner": "所有者",
    "menu_item_info": "信息",
    "menu_item_clear_messages": "清空消息",
    "menu_item_clear_messages_for_all": "全部清除",
    "menu_item_delete": "删除",
    "menu_item_delete_for_all": "全部删除",
    "menu_item_mute": "静音",
    "menu_item_unmute": "取消静音",
    "menu_item_delete_topic": "删除",
    "menu_item_unblock": "取消屏蔽",
    "menu_item_block": "屏蔽",
    "menu_item_member_delete": "移除",
    "menu_item_archive_topic": "归档",
    "action_cancel": "取消",
    "upload_finishing": "正在结束...",
    "no_contacts": "你尚无联系人 (._.)",
    "contacts_not_found_short": "无联系人匹配''{query}''",
    "title_group_members": "群组成员",
    "title_all_contacts": "全部联系人",
    "button_ok": "好",
    "button_cancel": "取消",
    "download_action": "下载",
    "label_file_name": "文件名：",
    "label_content_type": "内容类型：",
    "label_size": "大小：",
    "chat_invitation": "你受邀开始新会话。你想怎么做？",
    "chat_invitation_accept": "接受",
    "chat_invitation_ignore": "忽略",
    "chat_invitation_block": "屏蔽",
    "error_invalid_id": "无效 ID",
    "group_user_id_prompt": "群组或用户 ID",
    "button_subscribe": "订阅",
    "topic_name_editing_placeholder": "群组自由格式名称",
    "button_create": "创建",
    "permission_join": "加入 ({val})",
    "permission_read": "读取 ({val})",
    "permission_write": "写入 ({val})",
    "permission_pres": "获取通知 ({val})",
    "permission_admin": "批准 ({val})",
    "permission_share": "分享 ({val})",
    "permission_delete": "删除 ({val})",
    "permission_owner": "所有者 ({val})",
    "title_permissions": "权限",
    "message_sending": "正在发送...",
    "message_sending_failed": "发送失败",
    "search_placeholder": "列表如 email:alice@example.com, tel:+17025550003...",
    "messaging_disabled_prompt": "消息已禁用",
    "new_message_prompt": "新消息",
    "file_attachment_too_large": "文件大小 {size} 超过 {limit} 限制。",
    "cannot_initiate_file_upload": "无法初始化文件上传。",
    "tags_not_found": "尚未定义标签。添加一些。",
    "tags_editor_no_tags": "添加一些标签",
    "title_manage_tags": "管理标签",
    "more_online_members": "还有{overflow}个",
    "label_user_contacts": "往来：",
    "validate_credential_action": "确认",
    "link_contact_us": "联系我们",
    "link_terms_of_service": "条款和条件",
    "link_privacy_policy": "隐私政策",
    "action_delete_messages": "删除所有帖子",
    "action_block_contact": "屏蔽联系人",
    "delete_messages_warning": "您确定要删除所有消息吗？无法撤消。",
    "leave_chat_warning": "您确定要退出此对话吗？",
    "block_contact_warning": "您确定要阻止此联系人吗？",
    "action_report_chat": "检举垃圾邮件",
    "report_chat_warning": "您确定要停止并报告此对话吗？",
    "action_clear_messages": "删除讯息",
    "clear_messages_warning": "您确定要清除所有消息吗？无法撤消。",
    "topic_delete_warning": "您确定要删除此对话吗？",
    "topic_block_warning": "您确定要阻止此对话吗？",
    "search_no_results": "搜索返回任何结果",
    "deleted_content": "内容已删除",
    "image_caption_prompt": "图片标题",
    "menu_item_send_retry": "重试",
    "label_incognito_mode": "无痕模式：",
    "delete_account": "删除帐户",
    "delete_account_arning": "您确定要删除您的帐户吗？无法撤消。",
    "button_delete_account": "删除帐户",
    "sidepanel_title_acc_security": "安全",
    "sidepanel_title_acc_notifications": "通知",
    "sidepanel_title_acc_support": "支持",
    "label_sdk": "开发包：",
    "label_server_address": "服务器地址：",
    "button_edit": "编辑",
    "button_add_another": "加上另一个",
    "sidepanel_title_acc_general": "常用设定",
    "blocked_contacts_link": "封锁的联络人 ({count})",
    "sidepanel_title_blocked": "被阻止的聊天",
    "push_init_failed": "初始化推送通知失败",
    "invalid_security_token": "无效的安全令牌",
    "no_connection": "无连接",
    "code_doesnot_match": "代码不匹配"
  }
}
